-- ============================================================
-- SQL Interview Mastery — Seed data
-- ============================================================
USE sql_interview_db;

-- ------------------------------------------------------------
-- departments
-- ------------------------------------------------------------
INSERT INTO departments (department_id, department_name) VALUES
(1, 'Engineering'),
(2, 'Sales'),
(3, 'Marketing'),
(4, 'HR'),
(5, 'Finance'),
(6, 'Empty Department');  -- no employees on purpose, for LEFT JOIN tests

-- ------------------------------------------------------------
-- employees (hierarchy: CEO -> Managers -> Staff)
-- ------------------------------------------------------------
INSERT INTO employees (id, name, department_id, manager_id, salary, hire_date, join_date) VALUES
(100, 'Alice CEO',        1, NULL, 25000.00, '2015-01-10', '2015-01-10'),
(101, 'Bob Manager',      1, 100,  15000.00, '2016-03-15', '2016-03-15'),
(102, 'Carol Manager',    2, 100,  14500.00, '2016-06-01', '2016-06-01'),
(103, 'David Staff',      1, 101,  9000.00,  '2018-02-20', '2018-02-20'),
(104, 'Eve Staff',        1, 101,  9500.00,  '2018-05-12', '2018-05-12'),
(105, 'Frank Staff',      1, 101,  9500.00,  '2019-01-07', '2019-01-07'),
(106, 'Grace Staff',      2, 102,  8800.00,  '2017-11-23', '2017-11-23'),
(107, 'Hank Staff',       2, 102,  9200.00,  '2020-04-18', '2020-04-18'),
(108, 'Ivy Staff',        3, 102,  7800.00,  '2021-09-01', '2021-09-01'),
(109, 'Jack Staff',       3, 102,  8100.00,  '2019-12-05', '2019-12-05'),
(110, 'Karen Staff',      4, 100,  7200.00,  '2022-01-10', '2022-01-10'),
(111, 'Leo Staff',        5, 100,  10500.00, '2020-08-30', '2020-08-30'),
(112, 'Mona Staff',       1, 101,  9500.00,  '2023-03-14', '2023-03-14'),
(113, 'Nina Staff',       2, 102,  8800.00,  '2024-10-01', '2024-10-01'),
(114, 'Oscar NoDept',     NULL, NULL, 6000.00, '2023-06-01', '2023-06-01');

-- ------------------------------------------------------------
-- salary_history
-- ------------------------------------------------------------
INSERT INTO salary_history (employee_id, old_salary, new_salary, change_date) VALUES
(103, 8000.00, 9000.00, '2020-01-01'),
(104, 9000.00, 9500.00, '2021-06-01'),
(106, 8000.00, 8800.00, '2019-01-01');
-- Note: employees 105, 107-114 have NO salary_history row on purpose (for LEFT JOIN tests)

-- ------------------------------------------------------------
-- promotions
-- ------------------------------------------------------------
INSERT INTO promotions (employee_id, promotion_date, new_title) VALUES
(103, '2021-01-15', 'Senior Engineer'),
(106, '2022-03-01', 'Senior Sales Rep'),
(101, '2018-01-01', 'Engineering Manager');
-- Note: 104,105,107-114 never promoted (for LEFT JOIN "never promoted" tests)

-- ------------------------------------------------------------
-- attendance — includes a 4-day consecutive streak for employee 103
-- ------------------------------------------------------------
INSERT INTO attendance (employee_id, attendance_date) VALUES
(103, '2024-01-01'), (103, '2024-01-02'), (103, '2024-01-03'), (103, '2024-01-04'),
(103, '2024-01-08'),
(104, '2024-01-01'), (104, '2024-01-02');

-- ------------------------------------------------------------
-- projects / project_assignments
-- ------------------------------------------------------------
INSERT INTO projects (project_id, project_name, start_date, end_date) VALUES
(1, 'Platform Migration', '2024-01-01', '2024-06-30'),
(2, 'CRM Revamp',         '2024-02-01', '2024-12-31'),
(3, 'Data Warehouse',     '2024-03-01', NULL);

INSERT INTO project_assignments (project_id, employee_id, role) VALUES
(1, 103, 'Developer'),
(1, 104, 'Developer'),
(1, 101, 'Lead'),
(2, 106, 'Account Manager'),
(2, 107, 'Sales Engineer'),
(3, 103, 'Data Engineer'),
(3, 112, 'Data Engineer');

-- ------------------------------------------------------------
-- customers
-- ------------------------------------------------------------
INSERT INTO customers (customer_id, customer_name, signup_date) VALUES
(1, 'Acme Corp',       '2022-01-01'),
(2, 'Globex Inc',      '2022-03-15'),
(3, 'Initech',         '2023-01-10'),
(4, 'Umbrella LLC',    '2023-06-20'),
(5, 'Wayne Enterprises','2021-11-05'),
(6, 'NeverBuys Co',    '2024-01-01');  -- customer with zero orders/sales

-- ------------------------------------------------------------
-- products
-- ------------------------------------------------------------
INSERT INTO products (product_id, product_name, category_id, price) VALUES
(1, 'Laptop Pro',      10, 1200.00),
(2, 'Wireless Mouse',  10, 25.00),
(3, 'Office Chair',    20, 150.00),
(4, 'Standing Desk',   20, 350.00),
(5, 'Monitor 27in',    10, 280.00),
(6, 'Unsold Gadget',   10, 99.00);  -- never sold, never ordered

-- ------------------------------------------------------------
-- orders
-- ------------------------------------------------------------
INSERT INTO orders (order_id, customer_id, product_id, order_date, amount) VALUES
(1, 1, 1, '2024-01-05', 1200.00),
(2, 1, 2, '2024-01-05', 25.00),
(3, 2, 3, '2024-02-10', 150.00),
(4, 3, 1, '2024-03-01', 1200.00),
(5, 1, 4, '2024-03-15', 350.00),
(6, 4, 5, '2024-04-01', 280.00),
(7, 2, 1, '2024-05-12', 1200.00),
(8, 5, 3, '2024-06-01', 150.00),
(9, 1, 1, '2024-06-15', 1200.00),
(10, 3, 5, '2024-06-20', 280.00);

-- ------------------------------------------------------------
-- order_items
-- ------------------------------------------------------------
INSERT INTO order_items (order_id, product_id, quantity, unit_price) VALUES
(1, 1, 1, 1200.00),
(2, 2, 1, 25.00),
(3, 3, 1, 150.00),
(4, 1, 1, 1200.00),
(5, 4, 1, 350.00),
(6, 5, 1, 280.00),
(7, 1, 1, 1200.00),
(8, 3, 1, 150.00),
(9, 1, 1, 1200.00),
(10, 5, 1, 280.00);

-- ------------------------------------------------------------
-- sales (independent fact table — daily granularity, several months)
-- ------------------------------------------------------------
INSERT INTO sales (customer_id, product_id, category_id, sale_date, amount) VALUES
(1, 1, 10, '2024-01-03', 1200.00),
(1, 2, 10, '2024-01-03', 25.00),
(2, 3, 20, '2024-01-10', 150.00),
(2, 3, 20, '2024-01-10', 150.00),  -- same customer, same day -> duplicate purchase test
(3, 1, 10, '2024-02-01', 1200.00),
(1, 4, 20, '2024-02-15', 350.00),
(4, 5, 10, '2024-02-20', 280.00),
(2, 1, 10, '2024-03-05', 1200.00),
(5, 3, 20, '2024-03-10', 150.00),
(1, 1, 10, '2024-03-22', 1200.00),
(3, 5, 10, '2024-04-02', 280.00),
(1, 1, 10, '2024-04-10', 1200.00),
(2, 4, 20, '2024-04-18', 350.00),
(4, 1, 10, '2024-05-01', 1200.00),
(1, 5, 10, '2024-05-15', 280.00),
(3, 3, 20, '2024-05-20', 150.00),
(2, 1, 10, '2024-06-02', 1200.00),
(1, 1, 10, '2024-06-10', 1200.00),
(5, 5, 10, '2024-06-18', 280.00),
(4, 3, 20, '2024-06-25', 150.00);

-- ------------------------------------------------------------
-- user_logins — includes a clean 5-day consecutive streak for user 1
-- ------------------------------------------------------------
INSERT INTO user_logins (user_id, login_date) VALUES
(1, '2024-01-01'), (1, '2024-01-02'), (1, '2024-01-03'), (1, '2024-01-04'), (1, '2024-01-05'),
(1, '2024-01-10'),
(2, '2024-01-01'), (2, '2024-01-03'),
(2, '2024-01-04'), (2, '2024-01-05'), (2, '2024-01-06');

-- ------------------------------------------------------------
-- product_reviews
-- ------------------------------------------------------------
INSERT INTO product_reviews (product_id, customer_id, rating, review_date) VALUES
(1, 1, 5, '2024-01-10'),
(1, 2, 4, '2024-03-10'),
(3, 2, 3, '2024-02-15'),
(5, 4, 5, '2024-02-25');

-- ------------------------------------------------------------
-- shifts — overlap between two shifts for employee 103
-- ------------------------------------------------------------
INSERT INTO shifts (employee_id, start_time, end_time) VALUES
(103, '2024-01-01 08:00:00', '2024-01-01 16:00:00'),
(103, '2024-01-01 14:00:00', '2024-01-01 22:00:00'),  -- overlaps with the row above
(104, '2024-01-01 09:00:00', '2024-01-01 17:00:00');

-- ------------------------------------------------------------
-- bookings — overlapping date ranges on the same resource
-- ------------------------------------------------------------
INSERT INTO bookings (resource_name, start_date, end_date) VALUES
('Room A', '2024-01-01', '2024-01-05'),
('Room A', '2024-01-04', '2024-01-08'),  -- overlaps with the row above
('Room B', '2024-01-01', '2024-01-03'),
('Room B', '2024-01-10', '2024-01-12');  -- no overlap
